Workbook

Sheet MAIN
A1: Rk | B1: mlb_player_ID | C1: mlb_statcast_name | D1: Baseball Ref Name | E1: DraftBuddy Name | F1: Team | G1: HR | H1: Pos | I1: Tie
A2: 1 | B2: =_xlfn.XLOOKUP($C2,mlb_ids!E:E,mlb_ids!A:A,"xxx") -> 656941 | C2: Kyle Schwarber | D2: Kyle Schwarber | E2: Kyle Schwarber | F2: PHI | G2: 32 | H2: =_xlfn.XLOOKUP($E2,'games played'!$A:$A,'games played'!K:K,"xxx") -> DH | I2: =_xlfn.XLOOKUP($E2,'games played'!$A:$A,'games played'!L:L,"xxx") -> FALSE
A3: 2 | B3: =_xlfn.XLOOKUP($C3,mlb_ids!E:E,mlb_ids!A:A,"xxx") -> 670541 | C3: Yordan Alvarez | D3: Yordan Alvarez | E3: Yordan Alvarez | F3: HOU | G3: 31 | H3: =_xlfn.XLOOKUP($E3,'games played'!$A:$A,'games played'!K:K,"xxx") -> DH | I3: =_xlfn.XLOOKUP($E3,'games played'!$A:$A,'games played'!L:L,"xxx") -> FALSE
A4: 3 | B4: =_xlfn.XLOOKUP($C4,mlb_ids!E:E,mlb_ids!A:A,"xxx") -> 700250 | C4: Ben Rice | D4: Ben Rice | E4: Ben Rice | F4: NYY | G4: 29 | H4: =_xlfn.XLOOKUP($E4,'games played'!$A:$A,'games played'!K:K,"xxx") -> 1B | I4: =_xlfn.XLOOKUP($E4,'games played'!$A:$A,'games played'!L:L,"xxx") -> FALSE
A5: 4 | B5: =_xlfn.XLOOKUP($C5,mlb_ids!E:E,mlb_ids!A:A,"xxx") -> 695578 | C5: James Wood | D5: James Wood | E5: James Wood | F5: WAS | G5: 28 | H5: =_xlfn.XLOOKUP($E5,'games played'!$A:$A,'games played'!K:K,"xxx") -> RF | I5: =_xlfn.XLOOKUP($E5,'games played'!$A:$A,'games played'!L:L,"xxx") -> FALSE
A6: 5 | B6: =_xlfn.XLOOKUP($C6,mlb_ids!E:E,mlb_ids!A:A,"xxx") -> 691406 | C6: Junior Caminero | D6: Junior Caminero | E6: Junior Caminero | F6: TB | G6: 28 | H6: =_xlfn.XLOOKUP($E6,'games played'!$A:$A,'games played'!K:K,"xxx") -> 3B | I6: =_xlfn.XLOOKUP($E6,'games played'!$A:$A,'games played'!L:L,"xxx") -> FALSE
A7: 6 | B7: =_xlfn.XLOOKUP($C7,mlb_ids!E:E,mlb_ids!A:A,"xxx") -> 696100 | C7: Hunter Goodman | D7: Hunter Goodman | E7: Hunter Goodman | F7: COL | G7: 27 | H7: =_xlfn.XLOOKUP($E7,'games played'!$A:$A,'games played'!K:K,"xxx") -> C | I7: =_xlfn.XLOOKUP($E7,'games played'!$A:$A,'games played'!L:L,"xxx") -> FALSE
A8: 7 | B8: =_xlfn.XLOOKUP($C8,mlb_ids!E:E,mlb_ids!A:A,"xxx") -> 621566 | C8: Matt Olson | D8: Matt Olson | E8: Matt Olson | F8: ATL | G8: 25 | H8: =_xlfn.XLOOKUP($E8,'games played'!$A:$A,'games played'!K:K,"xxx") -> 1B | I8: =_xlfn.XLOOKUP($E8,'games played'!$A:$A,'games played'!L:L,"xxx") -> FALSE
A9: 8 | B9: =_xlfn.XLOOKUP($C9,mlb_ids!E:E,mlb_ids!A:A,"xxx") -> 621439 | C9: Byron Buxton | D9: Byron Buxton | E9: Byron Buxton | F9: MIN | G9: 25 | H9: =_xlfn.XLOOKUP($E9,'games played'!$A:$A,'games played'!K:K,"xxx") -> CF | I9: =_xlfn.XLOOKUP($E9,'games played'!$A:$A,'games played'!L:L,"xxx") -> FALSE
A10: 9 | B10: =_xlfn.XLOOKUP($C10,mlb_ids!E:E,mlb_ids!A:A,"xxx") -> 695657 | C10: Colson Montgomery | D10: Colson Montgomery | E10: Colson Montgomery | F10: CWS | G10: 23 | H10: =_xlfn.XLOOKUP($E10,'games played'!$A:$A,'games played'!K:K,"xxx") -> SS | I10: =_xlfn.XLOOKUP($E10,'games played'!$A:$A,'games played'!L:L,"xxx") -> FALSE
A11: 10 | B11: =_xlfn.XLOOKUP($C11,mlb_ids!E:E,mlb_ids!A:A,"xxx") -> 660271 | C11: Shohei Ohtani | D11: Shohei Ohtani | E11: Shohei Ohtani | F11: LAD | G11: 22 | H11: =_xlfn.XLOOKUP($E11,'games played'!$A:$A,'games played'!K:K,"xxx") -> DH | I11: =_xlfn.XLOOKUP($E11,'games played'!$A:$A,'games played'!L:L,"xxx") -> FALSE
A12: 11 | B12: =_xlfn.XLOOKUP($C12,mlb_ids!E:E,mlb_ids!A:A,"xxx") -> 691023 | C12: Jordan Walker | D12: Jordan Walker | E12: Jordan Walker | F12: STL | G12: 22 | H12: =_xlfn.XLOOKUP($E12,'games played'!$A:$A,'games played'!K:K,"xxx") -> RF | I12: =_xlfn.XLOOKUP($E12,'games played'!$A:$A,'games played'!L:L,"xxx") -> FALSE
A13: 12 | B13: =_xlfn.XLOOKUP($C13,mlb_ids!E:E,mlb_ids!A:A,"xxx") -> 672960 | C13: Kazuma Okamoto | D13: Kazuma Okamoto | E13: Kazuma Okamoto | F13: TOR | G13: 22 | H13: =_xlfn.XLOOKUP($E13,'games played'!$A:$A,'games played'!K:K,"xxx") -> 3B | I13: =_xlfn.XLOOKUP($E13,'games played'!$A:$A,'games played'!L:L,"xxx") -> FALSE
... A500: 500 | B500: =_xlfn.XLOOKUP($C500,mlb_ids!E:E,mlb_ids!A:A,"xxx") -> 664059 | C500: Sam Haggerty | D500: Sam Haggerty | E500: Sam Haggerty | F500: TEX | G500: 0 | H500: =_xlfn.XLOOKUP($E500,'games played'!$A:$A,'games played'!K:K,"xxx") -> LF | I500: =_xlfn.XLOOKUP($E500,'games played'!$A:$A,'games played'!L:L,"xxx") -> FALSE

Sheet mlb_ids
A1: player_id | B1: first_name | C1: last_name | D1: last_name, first_name | E1: full name
A2: 680664 | B2: Eduardo | C2: Valencia | D2: Valencia, Eduardo | E2: =B2&" "&C2 -> Eduardo Valencia
A3: 804606 | B3: Konnor | C3: Griffin | D3: Griffin, Konnor | E3: =B3&" "&C3 -> Konnor Griffin
A4: 700246 | B4: Carson | C4: Williams | D4: Williams, Carson | E4: =B4&" "&C4 -> Carson Williams
A5: 575929 | B5: Willson | C5: Contreras | D5: Contreras, Willson | E5: =B5&" "&C5 -> Willson Contreras
A6: 663616 | B6: Trevor | C6: Larnach | D6: Larnach, Trevor | E6: =B6&" "&C6 -> Trevor Larnach
A7: 669236 | B7: Jeremiah | C7: Jackson | D7: Jackson, Jeremiah | E7: =B7&" "&C7 -> Jeremiah Jackson
A8: 660821 | B8: Jesús | C8: Sánchez | D8: Sánchez, Jesús | E8: =B8&" "&C8 -> Jesús Sánchez
A9: 805367 | B9: Chase | C9: Meidroth | D9: Meidroth, Chase | E9: =B9&" "&C9 -> Chase Meidroth
A10: 641487 | B10: J.P. | C10: Crawford | D10: Crawford, J.P. | E10: =B10&" "&C10 -> J.P. Crawford
A11: 677956 | B11: Rece | C11: Hinds | D11: Hinds, Rece | E11: =B11&" "&C11 -> Rece Hinds
A12: 593871 | B12: Jorge | C12: Polanco | D12: Polanco, Jorge | E12: =B12&" "&C12 -> Jorge Polanco
A13: 690924 | B13: Braxton | C13: Fulford | D13: Fulford, Braxton | E13: =B13&" "&C13 -> Braxton Fulford
... A566: 668952 | B566: Ryan | C566: Kreidler | D566: Kreidler, Ryan | E566: =B566&" "&C566 -> Ryan Kreidler
A567: 571771 | B567: Enrique | C567: Hernández | D567: Hernández, Enrique | E567: Enrique Hernández
A568: 571912 | B568: Luke | C568: Maile | D568: Maile, Luke | E568: Luke Maile
A569: 669717 | B569: Will | C569: Wilson | D569: Wilson, Will | E569: Will Wilson

Sheet mlb_statcast
A1: last_name, first_name | B1: player_id | C1: year | D1: home_run | E1: k_percent | F1: bb_percent | G1: avg_swing_speed | H1: exit_velocity_avg | I1: launch_angle_avg | J1: sweet_spot_percent | K1: barrel_batted_rate | L1: avg_best_speed | M1: whiff_percent | N1: swing_percent
A2: Valencia, Eduardo | B2: 680664 | C2: 2026 | D2: 2 | E2: 27.3 | F2: 0 | G2: 72.7 | H2: 92.7 | I2: 13 | J2: 71.4 | K2: 28.6 | L2: 102.418 | M2: 33.3 | N2: 54.5
A3: Griffin, Konnor | B3: 804606 | C3: 2026 | D3: 5 | E3: 26.3 | F3: 6.5 | G3: 75.6 | H3: 87.8 | I3: 5.9 | J3: 31.5 | K3: 8.1 | L3: 100.43463 | M3: 31.7 | N3: 51.8
A4: Williams, Carson | B4: 700246 | C4: 2026 | D4: 0 | E4: 33.3 | F4: 6.1 | G4: 74.8 | H4: 85 | I4: 21.1 | J4: 25 | K4: 0 | L4: 96.449464 | M4: 28.1 | N4: 54.2
A5: Contreras, Willson | B5: 575929 | C5: 2026 | D5: 20 | E5: 24.7 | F5: 9.6 | G5: 77 | H5: 90.6 | I5: 17.4 | J5: 32 | K5: 14.3 | L5: 103.12144 | M5: 30 | N5: 48.9
A6: Larnach, Trevor | B6: 663616 | C6: 2026 | D6: 7 | E6: 17.2 | F6: 11.7 | G6: 72 | H6: 87.4 | I6: 14.6 | J6: 39.2 | K6: 7.4 | L6: 98.66132 | M6: 25.8 | N6: 42.6
A7: Jackson, Jeremiah | B7: 669236 | C7: 2026 | D7: 7 | E7: 19.8 | F7: 1.9 | G7: 73 | H7: 89.5 | I7: 7.6 | J7: 30.9 | K7: 7.9 | L7: 100.47892 | M7: 25.9 | N7: 59.4
A8: Sánchez, Jesús | B8: 660821 | C8: 2026 | D8: 7 | E8: 22.2 | F8: 4.3 | G8: 73.9 | H8: 91.1 | I8: 10.9 | J8: 32.9 | K8: 10.8 | L8: 101.91342 | M8: 26.1 | N8: 55
A9: Meidroth, Chase | B9: 805367 | C9: 2026 | D9: 7 | E9: 24 | F9: 9.4 | G9: 67 | H9: 87.7 | I9: 7.8 | J9: 34.5 | K9: 4.3 | L9: 97.331823 | M9: 19.6 | N9: 41
A10: Crawford, J.P. | B10: 641487 | C10: 2026 | D10: 10 | E10: 20.6 | F10: 13.4 | G10: 71.5 | H10: 88.4 | I10: 11.7 | J10: 36.6 | K10: 7 | L10: 98.529094 | M10: 17.7 | N10: 38.6
A11: Hinds, Rece | B11: 677956 | C11: 2026 | D11: 0 | E11: 50 | F11: 2.6 | G11: 73.2 | H11: 85.2 | I11: 23.5 | J11: 23.5 | K11: 0 | L11: 96.956021 | M11: 46 | N11: 56.1
A12: Polanco, Jorge | B12: 593871 | C12: 2026 | D12: 1 | E12: 17.7 | F12: 7.6 | G12: 69.6 | H12: 85.2 | I12: 12.7 | J12: 35.6 | K12: 3.4 | L12: 96.811359 | M12: 19.4 | N12: 47
A13: Fulford, Braxton | B13: 690924 | C13: 2026 | D13: 1 | E13: 40.9 | F13: 9.1 | G13: 72 | H13: 86.5 | I13: 27.1 | J13: 25 | K13: 9.4 | L13: 96.797225 | M13: 37.7 | N13: 43
... A566: Kreidler, Ryan | B566: 668952 | C566: 2026 | D566: 5 | E566: 19.7 | F566: 8.5 | G566: 74.5 | H566: 87.2 | I566: 11.7 | J566: 25.7 | K566: 7.9 | L566: 98.494492 | M566: 30.7 | N566: 51.4

Sheet games played
A1: Name | B1: C | C1: 1B | D1: 2B | E1: 3B | F1: SS | G1: LF | H1: CF | I1: RF | J1: DH | K1: Max Position | L1: Tie?
A2: CJ Abrams | B2: 0 | C2: 0 | D2: 0 | E2: 0 | F2: 90 | G2: 0 | H2: 0 | I2: 0 | J2: 2 | K2: =INDEX($B$1:$J$1, MATCH(MAX(B2:J2), B2:J2, 0)) -> SS | L2: =COUNTIF(B2:J2, MAX(B2:J2)) > 1 -> FALSE
A3: Wilyer Abreu | B3: 0 | C3: 0 | D3: 0 | E3: 0 | F3: 0 | G3: 0 | H3: 0 | I3: 91 | J3: 1 | K3: =INDEX($B$1:$J$1, MATCH(MAX(B3:J3), B3:J3, 0)) -> RF | L3: =COUNTIF(B3:J3, MAX(B3:J3)) > 1 -> FALSE
A4: Luisangel Acuna | B4: 0 | C4: 0 | D4: 1 | E4: 0 | F4: 37 | G4: 0 | H4: 30 | I4: 0 | J4: 2 | K4: =INDEX($B$1:$J$1, MATCH(MAX(B4:J4), B4:J4, 0)) -> SS | L4: =COUNTIF(B4:J4, MAX(B4:J4)) > 1 -> FALSE
A5: Ronald Acuna | B5: 0 | C5: 0 | D5: 0 | E5: 0 | F5: 0 | G5: 0 | H5: 0 | I5: 49 | J5: 4 | K5: =INDEX($B$1:$J$1, MATCH(MAX(B5:J5), B5:J5, 0)) -> RF | L5: =COUNTIF(B5:J5, MAX(B5:J5)) > 1 -> FALSE
A6: Willy Adames | B6: 0 | C6: 0 | D6: 0 | E6: 0 | F6: 90 | G6: 0 | H6: 0 | I6: 0 | J6: 0 | K6: =INDEX($B$1:$J$1, MATCH(MAX(B6:J6), B6:J6, 0)) -> SS | L6: =COUNTIF(B6:J6, MAX(B6:J6)) > 1 -> FALSE
A7: Jo Adell | B7: 0 | C7: 0 | D7: 0 | E7: 0 | F7: 0 | G7: 7 | H7: 3 | I7: 91 | J7: 4 | K7: =INDEX($B$1:$J$1, MATCH(MAX(B7:J7), B7:J7, 0)) -> RF | L7: =COUNTIF(B7:J7, MAX(B7:J7)) > 1 -> FALSE
A8: Ozzie Albies | B8: 0 | C8: 0 | D8: 94 | E8: 0 | F8: 0 | G8: 0 | H8: 0 | I8: 0 | J8: 0 | K8: =INDEX($B$1:$J$1, MATCH(MAX(B8:J8), B8:J8, 0)) -> 2B | L8: =COUNTIF(B8:J8, MAX(B8:J8)) > 1 -> FALSE
A9: Kevin Alcantara | B9: 0 | C9: 0 | D9: 0 | E9: 0 | F9: 0 | G9: 3 | H9: 2 | I9: 1 | J9: 8 | K9: =INDEX($B$1:$J$1, MATCH(MAX(B9:J9), B9:J9, 0)) -> DH | L9: =COUNTIF(B9:J9, MAX(B9:J9)) > 1 -> FALSE
A10: Blaze Alexander | B10: 0 | C10: 0 | D10: 16 | E10: 53 | F10: 11 | G10: 7 | H10: 8 | I10: 4 | J10: 0 | K10: =INDEX($B$1:$J$1, MATCH(MAX(B10:J10), B10:J10, 0)) -> 3B | L10: =COUNTIF(B10:J10, MAX(B10:J10)) > 1 -> FALSE
A11: Eliezer Alfonzo | B11: 5 | C11: 0 | D11: 0 | E11: 0 | F11: 0 | G11: 0 | H11: 0 | I11: 0 | J11: 0 | K11: =INDEX($B$1:$J$1, MATCH(MAX(B11:J11), B11:J11, 0)) -> C | L11: =COUNTIF(B11:J11, MAX(B11:J11)) > 1 -> FALSE
A12: Nick Allen | B12: 0 | C12: 0 | D12: 17 | E12: 6 | F12: 25 | G12: 0 | H12: 0 | I12: 0 | J12: 0 | K12: =INDEX($B$1:$J$1, MATCH(MAX(B12:J12), B12:J12, 0)) -> SS | L12: =COUNTIF(B12:J12, MAX(B12:J12)) > 1 -> FALSE
A13: Pete Alonso | B13: 0 | C13: 90 | D13: 0 | E13: 0 | F13: 0 | G13: 0 | H13: 0 | I13: 0 | J13: 8 | K13: =INDEX($B$1:$J$1, MATCH(MAX(B13:J13), B13:J13, 0)) -> 1B | L13: =COUNTIF(B13:J13, MAX(B13:J13)) > 1 -> FALSE
... A596: Jared Young | B596: 0 | C596: 36 | D596: 0 | E596: 0 | F596: 0 | G596: 6 | H596: 0 | I596: 1 | J596: 7 | K596: =INDEX($B$1:$J$1, MATCH(MAX(B596:J596), B596:J596, 0)) -> 1B | L596: =COUNTIF(B596:J596, MAX(B596:J596)) > 1 -> FALSE

Sheet team
A1: # | B1: Name | C1: Team
A2: 1 | B2: James Wood | C2: WAS
A3: 2 | B3: Yordan Alvarez | C3: HOU
A4: 3 | B4: Pete Crow-Armstrong | C4: CHC
A5: 4 | B5: Ben Rice | C5: NYY
A6: 5 | B6: Jordan Walker | C6: STL
A7: 6 | B7: Nick Kurtz | C7: ATH
A8: 7 | B8: Shohei Ohtani | C8: LAD
A9: 8 | B9: Kyle Schwarber | C9: PHI
A10: 9 | B10: Bryan Reynolds | C10: PIT
A11: 10 | B11: Brice Turang | C11: MIL
A12: 11 | B12: Junior Caminero | C12: TB
A13: 12 | B13: Miguel Vargas | C13: CWS
... A657: 656 | B657: Keaton Winn | C657: SF
